NO_REGIAO,MEDIA_MATRICULAS
Nordeste,37.01694021488366
Norte,38.21229861583844
Sudeste,50.977217603666595
Sul,38.790391988107345
Centro-Oeste,62.39879681738793
